RS_Tube ID,RS_JobNo,RS_ZONE1,RS_ZONE2,RS_ZONE3,RS_ZONE4,RS_ZONE5,RS_ZONE6,RS_ZONE7,RS_ZONE8,DRIN_Step Name,DRIN_Step Time,DRIN_ZONE1(SP),DRIN_ZONE2(SP),DRIN_ZONE3(SP),DRIN_ZONE4(SP),DRIN_ZONE5(SP),DRIN_ZONE6(SP),DRIN_ZONE7(SP),DRIN_ZONE8(SP),DRIN_ZONE1(Spike),DRIN_ZONE2(Spike),DRIN_ZONE3(Spike),DRIN_ZONE4(Spike),DRIN_ZONE5(Spike),DRIN_ZONE6(Spike),DRIN_ZONE7(Spike),DRIN_ZONE8(Spike),DRIN_ZONE1(Profile),DRIN_ZONE2(Profile),DRIN_ZONE3(Profile),DRIN_ZONE4(Profile),DRIN_ZONE5(Profile),DRIN_ZONE6(Profile),DRIN_ZONE7(Profile),DRIN_ZONE8(Profile)
13,6639,202,202,202,201,202,202,201,202,Drive in,183,921,920,921,927,923,921,925,922,936,898,868,913,915,918,920,925,922,925,926,925,925,922,926,919
13,6640,202,202,200,201,202,201,200,201,Drive in,185,915,920,927,927,929,924,923,925,935,894,874,921,923,917,922,925,916,924,921,927,927,924,920,917
13,6641,202,203,202,202,201,203,202,201,Drive in,178,918,920,924,926,928,925,925,918,937,899,868,914,920,921,920,925,918,926,922,929,923,925,927,920
13,6642,202,204,203,202,203,203,203,203,Drive in,178,923,926,921,920,924,927,919,924,939,900,869,916,918,916,925,925,919,926,924,929,926,926,922,923
13,6643,203,202,203,203,202,203,203,201,Drive in,187,921,924,919,923,923,927,922,924,935,896,868,920,921,920,927,925,920,925,929,929,929,928,927,923
13,6644,201,203,201,202,202,203,201,202,Drive in,186,921,920,919,927,924,922,920,919,941,895,867,915,919,919,924,930,923,920,928,926,930,927,923,925
13,6645,203,204,202,203,202,202,203,203,Drive in,173,920,918,926,926,923,928,922,923,937,899,868,921,919,915,927,927,921,923,922,928,923,923,923,921
13,6646,202,202,201,202,202,202,201,203,Drive in,185,921,922,926,922,928,928,920,923,937,900,869,914,920,916,920,929,918,923,923,925,927,931,920,920
13,6647,203,204,202,203,204,202,202,203,Drive in,179,917,926,920,922,929,925,922,921,935,899,867,918,917,915,919,928,922,919,923,928,931,927,924,924
13,6648,203,203,202,203,204,202,202,204,Drive in,186,922,921,921,920,925,920,921,922,939,899,868,921,923,917,927,923,916,922,927,926,931,928,925,926
13,6649,202,203,201,202,204,203,202,203,Drive in,182,922,919,927,923,926,925,925,924,937,899,870,914,917,922,920,926,923,927,923,923,923,931,929,925
13,6650,204,205,202,204,204,203,201,202,Drive in,186,920,921,928,928,925,921,922,926,939,896,873,921,919,920,925,929,919,926,930,923,926,925,928,920
13,6651,204,205,203,204,202,203,203,204,Drive in,189,924,922,921,926,924,922,926,921,939,901,875,921,916,918,927,928,919,924,922,923,932,926,929,925
13,6652,204,204,202,202,204,202,203,204,Drive in,177,918,919,923,921,924,922,925,918,943,902,868,919,919,923,927,926,918,927,923,929,932,925,922,919
13,6653,203,203,202,202,204,203,204,202,Drive in,187,921,919,927,921,926,926,925,920,941,898,873,923,916,915,926,926,922,926,927,925,925,931,925,921
13,6654,203,204,202,203,202,203,204,202,Drive in,178,917,920,924,921,928,925,922,921,936,901,874,916,916,921,921,928,922,920,928,923,928,926,924,920
13,6655,204,205,204,204,204,202,203,203,Drive in,176,924,920,923,924,925,926,927,926,935,900,874,920,923,918,921,926,923,920,930,926,931,925,923,918
13,6656,203,204,203,203,204,202,202,203,Drive in,186,920,920,922,929,926,924,927,926,935,902,875,919,925,917,922,926,920,924,930,923,931,924,928,923
13,6657,205,205,203,205,204,204,202,203,Drive in,189,918,924,921,922,922,921,922,923,940,901,871,918,924,920,923,928,924,927,924,930,932,928,927,923
13,6658,205,204,202,205,203,202,202,205,Drive in,188,920,925,925,929,923,928,927,920,940,901,869,920,920,917,921,928,917,920,930,925,930,932,923,924
13,6659,205,205,204,205,204,202,203,205,Drive in,189,924,925,922,922,928,927,927,924,941,897,874,922,917,924,923,924,918,928,926,924,927,929,926,926
13,6660,204,206,204,205,203,204,204,205,Drive in,187,922,922,927,930,924,928,927,921,943,899,870,917,924,917,927,927,920,921,923,923,925,926,929,926
13,6661,203,204,202,204,205,205,204,205,Drive in,183,924,926,921,922,924,929,921,925,940,898,871,916,920,919,925,932,918,923,926,929,931,932,930,919
13,6662,204,204,203,204,204,205,203,205,Drive in,176,920,924,927,926,923,925,928,922,942,903,871,916,919,921,922,929,919,920,928,932,932,932,925,927
13,6663,204,206,204,203,204,205,205,204,Drive in,191,923,923,923,930,930,926,924,922,939,897,877,924,922,917,929,931,923,925,929,932,932,925,925,923
13,6664,203,204,205,204,205,204,205,203,Drive in,178,920,925,924,923,928,928,923,922,939,902,874,918,923,921,927,929,919,926,930,928,930,929,929,922
13,6665,203,204,205,205,204,204,203,204,Drive in,182,918,927,923,929,923,928,928,923,941,901,870,924,920,920,924,929,917,928,929,927,927,931,928,925
13,6666,205,205,204,205,204,205,203,203,Drive in,181,924,928,921,924,924,925,923,926,944,899,877,919,926,921,928,925,921,921,928,924,929,927,930,919
13,6667,206,205,203,206,206,204,204,205,Drive in,183,923,924,926,924,923,930,929,921,936,897,869,923,919,923,926,929,921,928,926,928,933,933,926,920
13,6668,205,204,204,206,204,204,205,205,Drive in,186,917,921,921,926,927,922,928,927,943,896,870,916,922,923,921,927,917,928,930,928,929,930,926,920
13,6669,204,207,203,205,205,203,204,204,Drive in,187,919,925,923,926,927,931,923,924,941,896,874,923,922,920,924,926,917,927,926,927,927,926,929,924
13,6670,205,205,203,205,206,206,204,205,Drive in,190,925,929,926,926,932,926,930,925,943,897,874,919,922,925,921,932,925,925,928,926,927,925,929,927
13,6671,206,206,203,205,204,206,204,204,Drive in,179,922,928,925,929,924,929,922,920,943,898,872,921,918,919,923,927,921,923,929,926,926,926,931,921
13,6672,204,207,206,204,204,205,206,205,Drive in,184,919,925,930,929,929,925,930,926,942,900,874,924,922,922,924,926,926,922,929,925,929,927,931,926
13,6673,206,205,204,206,205,205,205,206,Drive in,182,926,923,925,929,928,923,928,928,941,896,870,924,926,921,927,929,919,925,930,932,934,933,931,926
13,6674,206,206,206,204,205,206,206,205,Drive in,182,925,929,927,926,930,924,922,921,938,896,876,918,922,923,929,926,926,923,931,932,930,931,926,925
13,6675,206,206,204,206,204,206,204,205,Drive in,185,919,924,923,924,926,929,924,926,938,897,873,921,924,917,930,929,919,929,931,930,929,934,926,926
13,6676,207,206,205,206,206,205,204,206,Drive in,180,922,927,924,924,931,930,930,922,940,903,877,918,921,920,922,928,921,923,930,933,926,926,924,923
13,6677,205,205,204,205,205,206,205,206,Drive in,190,924,923,925,925,924,928,929,926,944,900,878,919,919,926,929,925,923,922,927,933,926,928,926,924
13,6678,206,205,206,206,205,206,205,206,Drive in,188,919,923,928,930,927,923,930,920,943,901,878,923,924,920,925,930,920,923,932,926,932,930,928,921
13,6679,206,206,205,206,205,204,204,207,Drive in,180,921,927,924,929,928,932,931,927,945,903,872,924,924,926,927,930,922,925,928,926,930,928,931,922
13,6680,205,207,206,205,205,206,205,206,Drive in,186,925,930,924,928,925,925,924,927,941,904,877,926,925,922,925,933,923,926,929,928,928,932,932,925
13,6681,205,208,206,206,207,206,206,207,Drive in,189,926,930,930,932,929,929,925,921,945,902,873,924,927,925,927,928,925,928,932,932,931,928,932,925
13,6682,205,208,207,206,205,205,207,206,Drive in,188,919,929,931,931,929,926,923,923,938,902,874,919,924,918,923,929,922,928,929,929,930,927,925,925
13,6683,206,207,205,205,205,205,206,205,Drive in,190,919,930,931,931,928,927,927,921,943,898,879,918,920,922,930,932,923,929,928,928,931,933,927,926
13,6684,205,208,205,205,206,207,205,206,Drive in,183,922,924,931,929,932,928,929,925,939,900,879,925,919,921,929,927,923,930,931,932,927,928,928,929
13,6685,205,208,206,207,205,207,207,206,Drive in,180,924,927,925,927,933,927,926,922,938,904,877,924,925,921,924,927,926,928,933,932,933,931,925,921
13,6686,207,207,207,207,206,206,207,207,Drive in,187,919,922,926,924,931,932,925,924,941,899,876,919,926,922,926,930,920,925,928,930,931,932,930,925
13,6687,206,206,207,207,207,207,207,208,Drive in,183,925,929,924,931,930,925,929,921,943,903,875,920,927,922,924,928,920,923,934,929,934,934,926,923
13,6688,206,206,206,206,206,206,206,206,Drive in,185,925,927,923,929,931,925,928,922,945,905,878,919,927,923,923,934,924,928,928,926,928,927,932,926
13,6689,207,209,205,208,208,207,205,208,Drive in,184,925,929,926,930,931,925,930,930,945,901,871,922,926,924,930,926,919,924,934,933,930,935,933,923
13,6690,208,209,205,208,208,206,206,208,Drive in,189,924,926,930,929,927,929,924,924,943,898,873,924,927,920,923,931,921,925,931,934,932,928,929,925
13,6691,208,209,205,207,206,206,206,206,Drive in,189,928,927,925,928,932,930,931,927,943,902,878,924,923,921,928,935,926,930,926,928,935,930,933,928
13,6692,207,209,206,208,208,206,207,206,Drive in,192,924,931,931,925,931,926,926,926,941,904,879,924,926,926,931,928,921,926,932,933,933,931,933,923
13,6693,208,207,207,206,207,206,208,208,Drive in,189,927,925,926,930,926,925,932,929,942,900,878,922,922,926,932,928,926,931,932,927,935,933,928,924
13,6694,208,209,206,207,208,206,207,207,Drive in,192,922,931,929,933,931,925,928,929,947,904,875,921,926,926,931,935,922,924,930,929,930,928,926,928
13,6695,208,209,208,206,207,208,207,207,Drive in,187,924,927,931,926,926,926,928,930,944,904,873,921,925,927,926,927,925,932,933,928,936,935,929,922
13,6696,209,207,206,206,208,207,206,206,Drive in,195,928,928,930,930,926,931,926,928,942,899,875,927,925,919,928,932,921,928,927,931,931,933,931,927
13,6697,209,207,206,208,209,207,207,207,Drive in,194,925,928,924,928,927,931,928,922,941,899,879,922,922,920,928,927,926,929,935,933,935,934,932,929
13,6698,209,208,207,207,208,207,207,209,Drive in,189,927,929,925,931,932,926,926,922,947,903,877,921,922,921,932,928,923,930,934,931,931,932,932,929
13,6699,208,209,208,207,207,207,207,208,Drive in,199,929,925,931,929,930,927,927,928,947,905,873,921,923,925,930,934,922,924,935,933,930,928,934,927
13,6700,208,209,207,209,209,209,208,209,Drive in,183,922,926,925,934,932,930,929,927,944,902,880,921,924,922,926,928,927,930,931,930,929,929,926,929
13,6701,208,209,206,207,209,208,207,209,Drive in,187,925,930,925,928,929,930,925,925,945,904,877,924,926,922,932,930,925,928,928,930,934,930,928,925
13,6702,209,208,208,209,208,209,209,207,Drive in,199,925,924,927,932,931,929,928,931,943,902,872,925,925,924,931,932,922,924,935,936,933,930,931,923
13,6703,207,209,208,209,208,207,208,208,Drive in,193,922,932,925,934,935,933,925,930,942,899,879,924,924,922,927,932,923,931,933,936,929,932,931,925
13,6704,209,209,208,208,207,209,207,208,Drive in,188,925,924,927,928,927,929,933,929,941,901,879,921,923,927,931,936,928,927,933,928,937,936,932,923
13,6705,208,209,209,208,209,209,209,208,Drive in,192,927,929,926,927,927,932,927,926,948,904,881,924,922,924,933,933,925,925,934,933,929,934,933,927
13,6706,210,210,209,209,208,207,207,209,Drive in,190,922,929,928,926,934,932,928,923,948,908,876,927,925,927,925,934,928,930,931,935,931,934,926,930
13,6707,208,208,208,210,209,208,209,208,Drive in,192,922,926,932,929,929,930,932,929,945,905,881,924,922,927,925,935,929,931,929,934,933,929,934,928
13,6708,209,209,208,209,208,209,209,209,Drive in,198,921,931,927,931,933,929,925,928,943,901,878,920,923,925,933,928,923,931,934,932,932,933,931,931
13,6709,208,210,209,209,208,208,207,208,Drive in,190,930,925,926,927,934,932,926,924,943,906,879,925,922,923,931,936,924,927,936,930,930,935,932,930
13,6710,209,211,207,209,210,210,208,209,Drive in,193,923,933,931,927,934,931,932,931,948,901,874,922,923,927,928,931,923,930,929,928,938,931,932,928
13,6711,210,209,208,210,210,208,209,208,Drive in,197,930,925,932,929,934,932,927,927,945,905,880,927,922,921,931,931,929,926,928,935,936,936,928,924
13,6712,208,210,210,210,208,210,209,210,Drive in,198,928,933,927,934,936,931,934,927,945,904,874,928,924,926,933,931,927,933,932,929,932,937,934,932
13,6713,210,210,209,209,210,210,209,208,Drive in,200,927,930,928,931,930,927,929,925,943,903,882,923,930,925,927,933,927,934,934,934,935,932,927,929
13,6714,210,209,209,210,210,210,208,208,Drive in,191,926,930,930,931,931,931,930,925,946,902,879,927,923,921,927,934,924,932,930,930,932,930,928,924
13,6715,210,210,210,209,208,209,210,210,Drive in,187,923,930,927,929,928,935,926,925,942,905,882,929,925,923,933,937,929,927,929,937,938,938,927,930
13,6716,211,209,208,209,208,210,208,209,Drive in,187,925,929,931,931,933,927,926,924,948,904,876,929,925,927,932,932,925,927,936,931,933,935,935,931
13,6717,211,209,208,211,211,208,208,211,Drive in,187,922,925,933,933,932,927,931,926,943,901,875,929,928,926,930,930,923,926,929,934,932,931,930,931
13,6718,211,210,208,210,211,209,209,210,Drive in,196,922,933,926,928,933,935,934,928,944,909,877,929,925,927,930,929,927,931,929,937,930,933,934,927
13,6719,209,212,209,209,209,209,208,209,Drive in,194,929,932,929,934,936,930,935,926,944,905,880,928,927,924,928,931,928,932,935,936,930,932,931,930
13,6720,211,210,210,211,211,210,209,211,Drive in,203,928,934,932,929,930,932,927,927,946,906,874,926,926,922,927,937,925,934,935,937,939,930,929,927
13,6721,210,210,208,209,209,209,211,210,Drive in,192,925,926,932,935,935,931,928,928,947,905,881,926,923,923,930,933,928,929,937,934,933,938,936,927
13,6722,211,211,209,210,209,209,211,209,Drive in,194,928,926,927,935,929,928,931,926,944,908,876,925,927,926,934,933,927,934,931,931,931,937,933,926
13,6723,209,212,209,211,209,211,211,210,Drive in,202,928,932,932,928,936,932,935,928,943,905,879,925,925,922,934,930,931,932,935,937,936,932,936,933
13,6724,209,211,210,210,209,210,209,209,Drive in,203,926,927,930,936,932,930,934,930,950,908,880,928,923,929,930,935,931,929,931,932,933,936,931,925
13,6725,210,212,210,210,211,210,209,209,Drive in,192,925,933,931,928,935,934,930,926,943,904,883,930,930,922,929,934,925,929,936,935,938,935,935,926
13,6726,211,211,211,210,209,210,210,210,Drive in,190,927,931,927,930,933,931,931,925,950,904,878,928,928,927,929,930,924,935,937,932,933,932,929,928
13,6727,211,212,210,210,210,210,210,211,Drive in,197,926,927,933,929,937,928,929,932,946,908,878,930,926,923,929,938,925,935,934,930,935,937,933,931
13,6728,210,211,211,212,211,209,211,210,Drive in,193,924,930,931,928,936,935,933,930,950,902,881,928,928,931,929,933,928,930,936,935,936,938,935,930
13,6729,212,212,210,211,211,211,209,210,Drive in,191,931,929,934,929,937,930,928,927,944,910,879,924,932,927,934,930,930,934,930,937,932,933,934,930
13,6730,211,211,211,210,212,211,211,212,Drive in,196,924,928,932,934,936,935,932,932,946,903,879,924,925,930,934,938,929,929,937,937,937,939,930,934
13,6731,212,213,210,210,211,211,212,211,Drive in,192,925,931,931,934,931,935,930,928,947,903,879,925,929,926,928,933,927,931,932,936,935,931,933,929
13,6732,212,211,211,211,210,212,211,212,Drive in,197,932,934,932,936,933,933,931,928,947,903,878,930,932,928,927,934,927,930,937,935,933,935,937,927
13,6733,210,213,211,212,210,210,210,211,Drive in,198,925,928,934,932,933,933,929,930,946,904,881,926,927,929,928,931,926,936,936,935,936,934,935,932
13,6734,210,212,212,210,211,211,210,212,Drive in,196,924,931,930,935,933,933,932,934,943,906,877,929,928,928,933,939,927,935,936,932,938,938,935,929
13,6735,212,212,212,211,212,210,210,211,Drive in,200,931,933,936,933,930,935,936,928,944,909,881,926,930,930,936,937,927,934,931,931,935,932,933,934
13,6736,213,211,212,210,212,212,211,210,Drive in,199,925,935,936,934,930,933,930,927,947,903,878,923,928,926,935,934,924,932,939,938,938,940,936,928
13,6737,211,212,210,213,212,211,212,213,Drive in,196,928,932,930,930,933,935,931,928,943,911,884,928,927,931,928,936,930,933,931,938,935,932,930,927
13,6738,211,212,212,212,213,212,211,212,Drive in,204,925,935,928,932,931,935,932,928,945,906,883,925,932,929,935,939,932,931,936,932,938,940,934,934
13,6739,213,212,211,212,212,210,212,212,Drive in,196,931,934,934,931,933,933,936,930,947,910,881,927,931,925,935,932,928,935,934,937,937,940,932,934
13,6740,211,212,212,211,211,211,212,213,Drive in,202,928,932,931,938,938,930,932,935,946,908,876,927,933,924,932,939,931,930,934,936,939,932,934,933
13,6741,211,214,210,213,212,213,212,213,Drive in,197,933,929,936,938,937,932,933,929,952,908,884,926,932,924,934,938,931,931,939,933,934,935,934,932
13,6742,213,212,213,212,211,212,212,213,Drive in,202,926,930,932,934,938,936,932,927,950,911,884,929,929,929,935,932,933,928,934,933,936,934,932,933
13,6743,212,213,212,212,212,211,213,213,Drive in,206,931,934,937,933,938,934,936,934,950,909,880,931,932,932,931,936,932,933,937,934,934,939,935,928
13,6744,212,214,212,211,211,212,212,213,Drive in,202,928,930,936,931,931,938,935,931,948,905,880,931,925,931,932,940,930,935,938,936,938,934,938,928
13,6745,213,212,211,211,213,213,212,211,Drive in,199,928,935,931,934,939,935,930,927,950,908,879,932,933,931,937,933,926,929,933,936,939,940,938,932
13,6746,213,213,212,212,213,213,212,211,Drive in,197,929,932,934,938,938,938,932,935,944,906,882,925,932,924,930,939,931,933,934,934,935,941,933,931
13,6747,212,213,212,212,213,212,213,213,Drive in,207,925,933,933,930,932,936,935,934,951,909,882,927,933,933,930,939,931,937,937,940,939,939,937,933
13,6748,214,212,213,212,214,211,212,213,Drive in,204,932,936,934,934,936,938,935,933,952,912,883,926,930,927,936,934,931,936,935,938,935,935,935,929
13,6749,213,215,213,213,214,211,211,213,Drive in,194,934,936,933,935,935,933,936,930,948,906,879,927,933,929,935,937,925,934,936,932,939,939,936,934
13,6750,212,214,211,214,212,213,212,213,Drive in,206,929,936,935,936,934,932,933,931,948,905,877,925,933,932,934,939,930,933,940,934,942,937,936,929
13,6751,214,215,211,212,214,212,213,212,Drive in,196,929,934,937,939,935,932,936,930,953,909,877,930,930,929,929,937,926,935,933,935,936,941,934,933
13,6752,213,215,212,212,213,212,212,212,Drive in,194,927,936,934,937,933,932,932,933,947,911,885,927,934,931,935,934,934,934,932,938,935,937,938,930
13,6753,213,213,212,213,213,214,214,212,Drive in,206,930,929,933,939,940,936,930,931,952,904,879,925,934,932,936,938,934,934,939,938,942,935,938,931
13,6754,212,215,214,213,213,212,214,213,Drive in,207,932,929,931,938,935,939,931,928,946,909,881,928,926,928,934,933,926,932,934,933,937,934,936,932
13,6755,213,214,213,214,214,214,212,212,Drive in,210,933,930,935,936,936,935,933,931,946,911,884,928,932,926,934,939,927,938,937,933,935,936,937,933
13,6756,214,214,214,212,213,213,213,212,Drive in,196,933,933,930,938,938,934,934,936,948,912,881,931,934,929,934,937,926,938,938,939,941,942,937,932
13,6757,214,214,212,215,214,212,214,214,Drive in,198,928,931,934,934,939,932,930,935,947,907,879,932,927,928,930,938,930,932,934,934,941,941,936,929
13,6758,215,214,212,213,214,212,214,214,Drive in,202,927,937,934,933,940,936,936,928,950,913,882,929,931,930,931,933,933,933,936,934,936,939,932,937
13,6759,214,215,212,215,215,212,214,215,Drive in,207,929,932,934,940,937,935,937,932,954,909,886,931,932,928,938,941,932,938,933,934,936,938,936,936
13,6760,213,215,213,213,215,215,213,213,Drive in,202,927,933,935,934,937,937,938,935,954,913,881,926,927,929,938,933,933,938,935,941,938,939,932,931
13,6761,214,216,213,215,214,215,213,213,Drive in,204,930,934,937,937,941,934,933,929,951,907,883,931,932,929,938,934,933,931,941,935,938,942,938,930
13,6762,215,215,214,214,214,215,215,214,Drive in,204,933,935,938,935,933,932,933,935,950,913,886,928,934,930,932,942,929,932,935,941,943,942,935,932
13,6763,215,215,214,213,214,214,215,215,Drive in,210,934,931,932,938,939,932,939,930,947,905,879,930,935,926,933,941,935,938,934,937,936,937,936,933
13,6764,214,216,214,213,213,214,213,215,Drive in,204,934,933,931,939,933,932,935,936,950,911,880,931,929,932,932,937,933,934,941,936,935,941,940,932
13,6765,215,214,214,213,213,213,214,213,Drive in,211,934,930,935,936,939,940,934,932,948,912,879,926,936,932,939,939,931,935,942,938,940,937,934,929
13,6766,214,214,214,214,214,214,213,213,Drive in,210,927,932,933,933,941,939,935,933,952,910,885,930,936,934,933,935,934,932,942,938,939,935,940,936
13,6767,214,216,214,216,214,215,214,216,Drive in,198,927,935,932,938,940,937,931,934,952,908,879,926,929,929,939,940,931,937,939,939,939,936,933,935
13,6768,216,214,213,215,214,215,213,215,Drive in,210,929,938,932,937,939,933,935,932,950,913,881,933,935,928,938,941,934,935,934,934,938,937,937,935
13,6769,214,215,213,215,214,214,215,216,Drive in,200,928,939,933,940,942,933,934,934,955,906,887,934,933,928,931,941,929,932,935,939,937,938,938,938
13,6770,215,216,214,215,215,215,214,216,Drive in,204,928,939,939,938,939,933,937,933,954,912,880,932,930,929,938,936,936,938,942,940,939,936,941,938
13,6771,214,216,215,215,216,215,216,216,Drive in,201,936,937,938,934,941,933,938,937,949,912,883,928,935,933,932,943,932,934,941,935,938,941,941,933
13,6772,215,215,215,215,216,215,216,215,Drive in,203,932,932,938,941,935,935,935,932,953,912,880,933,930,927,932,936,933,932,937,935,940,942,938,936
13,6773,214,217,216,215,214,215,215,214,Drive in,211,933,938,933,941,939,934,935,934,948,908,887,931,933,934,935,941,928,933,939,939,937,938,933,937
13,6774,214,215,216,216,216,216,216,215,Drive in,209,930,938,936,938,937,940,940,937,955,908,888,931,930,928,937,935,930,936,938,935,944,938,933,931
13,6775,216,217,215,216,214,216,216,215,Drive in,211,930,933,936,935,936,940,938,937,950,908,884,929,933,930,938,941,928,935,940,935,943,944,936,938
13,6776,215,217,214,215,214,216,214,214,Drive in,208,931,938,936,939,935,940,932,935,950,914,887,931,933,934,932,935,932,938,938,940,944,938,940,933
13,6777,215,216,216,215,217,214,215,216,Drive in,214,936,932,937,937,941,934,936,935,955,914,883,930,937,931,937,942,933,940,943,936,944,937,939,934
13,6778,215,215,215,216,216,216,214,217,Drive in,198,928,935,934,941,940,938,935,936,950,910,885,929,935,934,934,937,929,932,938,937,944,936,936,936
13,6779,215,218,215,217,216,215,216,215,Drive in,204,931,932,936,940,939,934,934,934,950,909,886,932,933,931,940,941,933,933,943,938,936,940,934,936
13,6780,216,216,215,217,217,216,214,215,Drive in,200,930,937,937,936,943,942,939,938,951,911,886,935,934,936,932,938,937,936,936,937,941,944,935,937
13,6781,217,218,215,217,215,215,216,217,Drive in,205,931,940,936,939,939,935,933,934,956,914,880,936,931,928,939,940,932,939,937,943,937,940,937,937
13,6782,215,216,216,215,216,217,215,215,Drive in,212,937,932,938,934,942,934,938,939,954,913,884,933,937,933,933,942,930,933,937,939,942,943,934,936
13,6783,216,218,217,215,216,217,217,217,Drive in,209,931,935,937,935,939,940,940,932,953,911,884,935,937,933,935,937,934,940,936,938,945,940,935,938
13,6784,217,216,216,215,217,217,215,217,Drive in,212,934,938,941,934,941,940,941,932,955,907,884,931,931,932,940,937,931,934,937,939,940,938,939,933
13,6785,216,217,217,216,217,215,216,215,Drive in,203,930,935,941,942,937,939,938,931,951,911,882,931,937,930,935,936,929,940,939,943,945,945,936,931
13,6786,216,218,215,216,215,217,215,215,Drive in,200,933,933,941,935,939,938,940,935,955,915,887,930,936,935,934,940,932,938,939,939,938,939,940,935
13,6787,216,217,216,218,218,215,216,218,Drive in,206,931,938,941,942,943,940,934,938,949,914,882,934,936,929,938,938,937,933,942,942,941,941,941,940
13,6788,216,217,215,218,216,216,216,217,Drive in,205,929,933,935,941,939,939,939,938,953,915,883,928,931,929,940,936,937,933,941,944,941,943,937,932
13,6789,218,217,216,218,218,215,217,217,Drive in,202,933,934,934,943,941,939,936,937,953,911,881,932,937,937,940,936,930,934,944,937,940,944,939,934
13,6790,218,218,216,218,218,217,217,218,Drive in,215,936,941,937,938,942,942,937,934,953,915,885,930,934,934,933,937,936,940,937,939,942,938,943,934
13,6791,217,218,217,217,217,218,216,218,Drive in,204,933,939,942,937,944,941,934,935,950,909,885,936,930,931,934,941,934,940,936,944,943,939,937,940
13,6792,217,217,217,218,217,216,216,218,Drive in,216,934,937,937,938,936,939,939,937,951,914,881,937,930,932,935,937,931,940,943,945,944,940,940,933
13,6793,216,218,218,217,216,218,218,217,Drive in,210,935,936,935,937,938,940,936,934,952,910,889,930,932,934,941,943,930,942,941,941,940,943,938,938
13,6794,216,219,218,217,218,218,218,218,Drive in,212,934,937,939,940,938,941,936,938,954,914,887,932,933,935,934,944,937,940,939,937,945,941,943,932
13,6795,217,217,216,218,218,218,217,216,Drive in,203,934,936,934,937,940,936,942,933,957,916,882,932,933,930,940,944,932,940,939,942,938,944,941,939
13,6796,217,219,217,217,216,216,216,218,Drive in,211,932,940,942,942,944,939,937,939,949,910,890,935,937,931,937,940,938,939,942,938,943,942,940,938
13,6797,217,218,216,217,219,217,218,219,Drive in,214,938,936,940,941,936,936,939,932,954,909,883,933,931,936,941,942,930,937,939,940,945,941,940,933
13,6798,217,219,218,218,217,218,218,219,Drive in,204,935,941,941,943,939,943,937,937,957,917,889,932,936,938,938,939,933,942,941,941,945,939,937,940
13,6799,219,218,216,217,218,216,217,218,Drive in,208,935,937,935,943,942,942,938,941,952,911,887,929,933,933,940,945,930,936,939,937,946,944,938,933
13,6800,219,218,217,218,219,217,218,219,Drive in,210,935,937,937,943,937,942,939,938,955,910,882,931,932,938,937,941,938,937,937,940,946,943,940,934
13,6801,217,220,218,218,219,218,219,219,Drive in,218,939,934,943,943,938,936,942,937,956,915,887,933,938,935,941,946,939,938,940,938,947,940,941,935
13,6802,219,220,218,217,217,218,218,217,Drive in,212,933,934,943,937,940,936,941,935,950,917,884,937,931,937,940,939,931,934,945,945,945,943,939,941
13,6803,219,220,218,219,218,219,217,219,Drive in,216,932,936,940,941,945,939,943,941,956,915,888,937,936,932,939,939,935,937,941,941,941,945,936,938
13,6804,219,218,217,217,219,218,217,218,Drive in,216,938,939,939,944,940,943,937,941,952,909,890,931,932,935,940,942,932,936,940,940,943,941,941,934
13,6805,219,218,217,217,219,219,219,219,Drive in,216,939,934,935,939,939,939,936,940,954,916,887,938,939,935,935,946,934,940,940,946,940,941,943,936
13,6806,220,219,219,219,218,219,217,217,Drive in,218,937,935,940,944,941,938,941,935,957,918,891,932,932,931,941,942,934,936,941,943,946,942,942,935
13,6807,220,219,219,219,218,218,219,218,Drive in,207,938,938,935,938,937,937,937,935,957,911,888,938,935,938,941,944,939,936,939,945,944,943,942,937
13,6808,218,220,217,219,219,218,217,218,Drive in,206,931,939,940,936,939,938,937,935,953,911,887,938,935,932,938,944,932,941,938,944,942,947,944,940
13,6809,219,221,218,219,218,219,218,220,Drive in,207,937,937,936,940,938,941,940,940,951,914,890,938,938,931,939,944,935,938,938,940,940,941,941,938
13,6810,220,221,219,219,219,219,219,219,Drive in,206,936,943,937,943,939,938,942,940,958,912,889,935,937,934,937,941,938,936,939,943,941,943,945,940
13,6811,220,219,219,219,219,220,219,219,Drive in,219,935,935,942,940,938,939,936,937,952,915,883,936,940,939,941,945,939,939,945,946,945,942,944,936
13,6812,218,221,219,218,219,218,220,219,Drive in,213,937,940,939,941,939,941,936,939,954,912,883,939,940,939,936,942,933,940,939,947,945,941,939,938
13,6813,218,219,220,218,219,220,220,220,Drive in,213,933,935,942,942,944,943,941,939,956,910,888,933,938,939,944,942,937,940,947,942,945,943,937,941
13,6814,220,219,220,218,219,220,218,218,Drive in,210,935,938,939,945,945,938,937,938,958,910,884,932,937,936,944,944,938,939,946,942,945,940,940,942
13,6815,218,219,218,219,218,218,220,219,Drive in,218,932,937,939,939,938,940,938,938,952,913,885,938,933,937,941,942,933,937,941,939,941,947,943,940
13,6816,219,220,219,219,220,220,219,219,Drive in,207,940,937,944,937,940,945,944,941,957,917,885,934,941,937,940,945,939,944,941,939,947,945,943,935
13,6817,221,221,219,220,221,219,218,221,Drive in,218,937,941,940,937,939,938,938,939,959,911,884,934,934,940,941,946,940,943,939,944,942,945,942,937
13,6818,220,219,218,219,220,219,218,220,Drive in,207,938,940,943,939,938,944,937,942,954,919,890,939,937,937,944,945,932,944,943,939,940,944,945,939
13,6819,221,221,219,219,220,219,218,221,Drive in,220,940,938,944,946,942,941,940,943,958,911,885,935,934,939,943,944,934,944,945,940,944,948,942,936
13,6820,220,221,220,219,220,219,218,221,Drive in,216,938,937,944,938,940,942,944,941,952,917,888,938,936,939,942,939,939,940,947,943,942,948,945,935
13,6821,219,221,220,219,219,220,219,221,Drive in,223,935,936,944,938,943,944,945,942,956,919,886,936,940,938,944,945,940,942,941,940,941,945,941,939
13,6822,221,222,219,220,219,221,220,221,Drive in,219,936,942,939,941,940,946,941,935,960,912,892,938,933,937,937,944,938,939,944,940,944,943,944,940
13,6823,220,221,221,221,220,219,219,220,Drive in,210,939,944,941,946,940,942,939,939,955,912,887,936,934,937,944,945,939,938,942,943,948,940,943,935
13,6824,221,220,220,220,221,219,219,221,Drive in,219,940,943,942,945,941,938,939,942,958,916,892,937,939,934,938,940,938,939,945,947,949,948,945,940
13,6825,221,220,220,220,220,219,221,221,Drive in,211,938,944,939,939,942,941,938,937,952,911,891,935,942,938,938,941,933,940,944,947,944,947,940,940
13,6826,222,221,220,220,219,219,219,220,Drive in,221,940,937,941,940,947,941,938,943,956,920,891,933,934,935,938,941,940,943,942,948,943,944,941,936
13,6827,221,222,221,220,222,220,220,222,Drive in,218,933,938,944,942,942,938,944,941,953,915,885,938,939,933,943,946,935,938,945,948,944,944,941,938
13,6828,222,222,221,222,222,219,221,221,Drive in,219,941,943,943,940,940,944,940,940,958,916,888,937,934,935,939,940,938,944,946,942,943,941,945,939
13,6829,220,222,220,222,221,220,219,221,Drive in,220,941,942,938,945,942,946,941,942,960,917,891,939,940,935,938,940,940,938,945,945,941,944,946,938
13,6830,222,221,221,222,221,221,221,222,Drive in,211,942,940,940,943,942,940,940,939,960,916,887,940,939,935,941,943,934,943,941,940,945,948,944,937
13,6831,220,222,221,222,222,221,221,220,Drive in,222,935,943,940,942,941,939,940,936,955,919,890,939,939,941,942,945,942,941,947,948,942,947,940,940
13,6832,220,223,222,221,222,220,220,222,Drive in,213,935,938,941,942,943,947,944,937,954,918,886,939,939,933,940,947,936,940,942,944,943,945,943,939
13,6833,220,221,220,221,221,220,221,221,Drive in,218,940,939,945,945,943,945,945,941,958,915,891,934,941,936,938,946,936,939,949,946,943,948,946,942
13,6834,221,221,222,221,221,221,220,222,Drive in,217,936,943,938,939,946,942,944,944,961,918,891,941,935,938,944,946,934,942,942,941,945,949,947,941
13,6835,220,223,222,220,222,221,220,221,Drive in,218,942,941,946,939,941,940,939,936,961,917,894,936,939,938,941,947,934,941,947,943,950,945,944,942
13,6836,222,223,222,222,222,220,220,221,Drive in,219,935,939,940,947,944,942,945,936,959,914,890,940,936,941,938,941,939,942,945,942,950,947,947,939
13,6837,223,221,222,221,222,222,222,221,Drive in,218,935,941,941,941,948,946,938,943,953,919,887,938,943,938,946,943,941,942,944,948,943,949,946,941
13,6838,223,222,220,223,223,221,221,223,Drive in,220,937,944,942,943,944,942,941,943,954,919,889,934,942,942,946,949,935,940,948,941,948,945,947,941
13,6839,223,224,221,222,223,220,222,223,Drive in,225,940,939,942,941,941,940,944,945,956,920,891,939,939,939,946,948,942,940,941,947,947,942,942,939
13,6840,223,224,222,222,223,223,222,222,Drive in,223,940,941,945,945,949,945,942,944,958,915,893,936,940,942,938,943,938,944,941,942,945,943,943,939
13,6841,223,223,221,223,223,223,223,223,Drive in,219,937,940,946,948,948,941,944,938,961,917,888,941,935,937,939,946,940,946,946,944,948,945,948,942
13,6842,222,223,221,223,223,222,221,223,Drive in,217,941,939,941,947,947,942,945,941,958,914,890,939,937,936,943,950,941,942,945,944,944,949,942,943
13,6843,221,223,223,222,222,221,221,222,Drive in,213,937,943,946,943,941,947,946,942,957,920,892,942,943,942,942,950,935,944,945,944,944,942,946,942
13,6844,222,224,222,222,221,223,222,222,Drive in,217,942,938,939,940,944,942,943,945,955,921,895,942,942,942,940,949,941,944,945,950,944,944,945,942
13,6845,223,224,223,223,223,221,222,221,Drive in,220,937,945,941,948,949,940,942,939,956,914,894,939,941,942,945,943,939,941,950,949,949,947,941,941
13,6846,224,222,221,222,222,223,223,223,Drive in,219,942,945,939,941,946,940,939,938,962,916,894,935,939,939,941,948,937,945,948,947,947,946,942,941
13,6847,224,223,223,224,222,221,223,223,Drive in,215,936,945,947,947,948,943,939,939,959,920,892,938,936,942,939,944,936,944,949,947,944,947,942,939
13,6848,224,223,222,223,223,223,222,224,Drive in,227,942,946,940,944,946,946,940,938,960,921,891,936,944,940,941,945,941,943,944,949,945,951,948,939
13,6849,222,225,222,222,224,222,221,222,Drive in,217,940,945,942,941,947,944,948,944,960,917,887,941,938,942,946,946,941,945,947,942,946,945,941,941
13,6850,222,223,221,224,222,223,221,224,Drive in,215,941,944,947,944,947,943,942,946,959,918,888,943,940,939,939,949,939,944,950,946,946,944,947,946
13,6851,223,225,222,224,224,222,222,222,Drive in,214,941,940,941,948,945,942,943,945,958,917,890,941,940,936,945,951,937,942,948,950,944,950,945,939
13,6852,223,224,222,224,224,222,222,224,Drive in,220,936,945,944,942,944,944,947,941,958,919,895,940,940,941,942,944,936,945,944,950,948,948,944,941
13,6853,222,224,223,223,224,222,223,223,Drive in,223,944,940,941,949,949,944,943,939,957,915,893,938,936,935,948,947,941,945,948,950,944,947,943,943
13,6854,223,224,224,223,224,222,224,223,Drive in,225,940,939,945,942,946,948,945,945,955,921,890,941,941,942,942,946,938,946,948,948,952,951,944,945
13,6855,224,225,223,224,224,223,222,222,Drive in,229,943,944,940,943,944,946,947,939,961,916,894,943,943,942,947,947,936,940,944,949,952,944,945,945
13,6856,223,223,222,223,222,222,222,224,Drive in,228,944,944,941,949,950,942,944,946,959,918,890,940,939,938,942,943,937,940,951,949,945,952,947,939
13,6857,225,223,223,224,223,222,224,224,Drive in,226,936,947,948,941,948,943,945,945,961,920,893,935,945,944,943,943,936,946,946,945,948,946,947,943
13,6858,224,223,224,224,223,224,223,223,Drive in,229,940,940,940,941,945,948,947,941,958,918,895,936,940,937,941,945,936,947,947,947,947,944,944,941
13,6859,225,226,224,224,224,224,223,225,Drive in,224,940,946,948,949,948,945,944,942,962,922,888,942,941,937,940,949,938,946,945,948,950,950,946,941
13,6860,223,226,223,225,225,223,224,223,Drive in,221,944,941,949,944,943,944,945,943,964,916,896,944,943,944,941,945,941,947,943,950,948,950,945,941
13,6861,223,224,223,223,225,224,224,225,Drive in,215,941,948,943,946,946,946,946,947,961,915,888,938,945,936,944,949,941,945,945,944,946,944,942,943
13,6862,224,224,223,224,224,224,223,224,Drive in,225,943,942,946,950,948,944,944,940,956,923,896,943,944,942,941,944,941,948,947,949,947,947,945,946
13,6863,225,226,224,225,225,223,225,223,Drive in,216,942,941,942,942,947,946,948,946,963,923,894,942,944,943,946,944,938,941,948,952,951,950,942,944
13,6864,223,224,225,225,225,225,223,224,Drive in,226,938,941,944,947,947,948,948,947,961,915,894,944,944,941,941,950,937,941,944,951,946,949,942,942
13,6865,224,226,223,223,223,223,225,224,Drive in,227,944,948,942,942,949,949,944,940,958,921,895,938,946,938,947,951,941,945,950,944,947,952,948,941
13,6866,225,225,224,223,223,224,224,225,Drive in,222,941,943,943,949,945,946,949,941,959,923,891,939,944,936,944,952,937,943,944,945,950,945,944,947
13,6867,225,226,225,225,224,225,224,226,Drive in,230,939,941,949,942,951,946,946,944,959,921,893,940,939,937,941,946,940,942,951,948,950,950,947,943
13,6868,224,224,225,226,226,223,225,225,Drive in,222,937,948,941,942,951,942,941,943,958,920,895,938,946,945,941,949,938,942,944,952,947,946,943,947
13,6869,226,225,224,224,224,224,224,226,Drive in,233,945,945,949,950,944,946,942,947,960,919,895,937,946,940,942,952,944,945,944,948,953,945,945,944
13,6870,226,225,224,226,224,225,223,224,Drive in,218,943,948,950,949,950,951,950,946,964,921,894,937,946,942,949,951,938,941,944,947,951,952,943,941
13,6871,226,225,223,225,224,225,225,226,Drive in,221,946,949,945,945,951,945,947,940,965,924,895,945,943,942,945,952,940,948,947,949,954,951,945,942
13,6872,225,226,226,224,226,224,225,224,Drive in,218,938,944,948,946,944,943,946,943,958,916,894,944,939,943,946,952,940,949,944,950,948,949,947,946
13,6873,226,225,225,226,224,225,224,224,Drive in,218,945,941,947,943,945,948,950,948,957,920,892,943,941,937,945,945,945,947,950,946,953,949,943,947
13,6874,225,225,226,226,224,224,226,226,Drive in,229,941,948,950,946,952,946,942,946,958,923,895,939,942,937,943,946,941,943,949,945,953,946,944,941
13,6875,226,225,224,224,225,224,224,225,Drive in,229,946,944,946,947,947,943,948,942,965,920,898,937,946,939,950,953,940,948,948,950,952,946,943,940
13,6876,226,227,225,225,225,226,224,226,Drive in,218,942,945,943,947,946,944,947,945,965,923,897,945,947,938,942,952,941,944,946,946,949,953,948,944
13,6877,227,225,225,226,225,225,226,227,Drive in,231,940,943,949,948,949,944,949,942,965,923,898,944,947,943,943,952,946,948,948,948,946,948,951,943
13,6878,227,225,225,227,226,224,226,226,Drive in,228,944,949,949,943,944,946,948,942,961,921,894,941,941,939,944,946,938,943,948,951,949,948,945,947
13,6879,225,227,225,226,227,225,226,227,Drive in,226,947,950,947,948,953,951,947,943,961,920,892,944,939,944,948,945,945,950,952,947,948,948,944,949
13,6880,226,227,225,225,225,227,226,226,Drive in,232,944,946,948,947,952,944,943,948,958,924,897,945,945,941,946,948,945,945,949,951,955,950,949,941
13,6881,227,228,226,225,225,225,225,227,Drive in,226,946,943,950,949,948,950,950,944,962,919,895,944,942,946,942,950,941,946,947,954,949,953,944,943
13,6882,226,226,226,227,226,227,227,225,Drive in,234,939,943,951,949,948,951,944,947,966,922,897,939,939,941,943,948,946,942,950,952,951,949,952,945
13,6883,225,227,225,225,225,225,225,227,Drive in,219,942,948,943,951,950,949,946,942,964,922,893,942,946,940,948,954,943,945,947,952,954,952,946,947
13,6884,227,226,225,225,227,227,227,225,Drive in,228,942,947,947,946,952,952,943,942,966,917,895,938,940,945,943,947,946,946,953,950,950,955,949,947
13,6885,226,226,226,225,227,225,225,227,Drive in,233,943,948,944,946,950,949,944,941,966,922,898,942,943,939,949,947,940,950,954,948,952,952,948,944
13,6886,226,227,225,227,227,226,225,226,Drive in,228,946,944,949,948,949,949,947,945,964,923,899,942,942,946,950,947,940,951,948,949,950,951,949,942
13,6887,228,228,227,228,227,227,225,227,Drive in,223,947,946,948,951,947,948,943,945,965,922,897,944,945,944,945,952,945,943,954,951,951,952,945,942
13,6888,226,226,227,228,227,227,225,227,Drive in,226,944,946,946,949,946,951,944,943,964,918,891,940,946,944,950,954,947,949,950,952,947,948,948,950
13,6889,228,227,225,226,227,227,226,228,Drive in,237,940,951,948,950,948,945,944,949,967,919,893,939,944,943,950,954,946,945,954,953,953,955,946,949
13,6890,227,227,225,226,227,228,226,227,Drive in,225,946,947,952,952,953,946,948,943,966,923,898,946,942,944,951,952,940,946,952,952,953,952,947,942
13,6891,226,229,226,227,226,228,227,228,Drive in,235,945,944,952,946,952,948,952,945,962,923,894,941,944,947,948,947,945,951,950,947,948,954,950,947
13,6892,228,228,227,227,227,227,227,227,Drive in,227,943,950,944,952,946,950,945,946,965,926,894,941,942,946,948,950,941,948,946,951,951,947,948,949
13,6893,227,229,227,226,227,228,227,227,Drive in,221,948,946,945,949,952,949,949,944,963,920,892,940,940,947,944,955,948,950,948,947,955,947,947,944
13,6894,227,229,228,228,227,228,228,226,Drive in,236,948,946,951,951,953,948,949,945,967,919,894,943,944,939,948,948,947,948,952,948,955,952,948,946
13,6895,226,229,226,228,227,228,226,228,Drive in,223,945,951,946,946,949,945,951,950,963,921,900,939,943,942,949,952,940,945,953,954,948,955,945,944
13,6896,229,229,226,228,227,228,227,226,Drive in,237,944,951,949,950,949,948,950,950,961,926,892,942,941,940,952,947,947,949,951,947,950,948,947,946
13,6897,227,227,226,228,229,228,226,227,Drive in,225,946,943,946,952,946,948,944,945,959,921,898,945,944,940,951,953,944,951,950,949,954,952,946,945
13,6898,228,228,228,227,227,226,226,229,Drive in,223,945,944,951,953,952,946,950,945,961,927,894,945,945,944,947,955,944,950,949,955,949,950,953,944
13,6899,229,229,227,227,228,228,228,227,Drive in,233,945,951,945,950,948,954,945,950,963,921,893,945,947,944,948,949,947,950,949,951,949,952,954,951
13,6900,229,229,226,229,228,228,228,228,Drive in,238,946,945,948,950,955,949,946,943,964,925,894,942,948,945,950,951,949,949,955,949,955,948,947,946
13,6901,228,229,227,227,228,228,227,227,Drive in,237,949,948,948,947,949,950,949,946,965,926,899,940,947,945,946,951,941,947,948,952,952,949,949,946
13,6902,228,230,228,227,229,228,228,228,Drive in,228,943,948,947,949,955,948,945,946,968,925,896,947,941,941,950,954,941,951,948,950,951,956,954,945
13,6903,229,229,229,229,227,227,229,227,Drive in,229,943,951,948,946,955,949,946,950,963,921,895,947,945,940,950,953,941,945,956,951,952,956,946,946
13,6904,228,229,228,228,228,229,227,227,Drive in,226,943,952,947,954,948,950,949,944,968,923,896,943,949,942,947,956,944,946,956,953,950,957,946,948
13,6905,227,229,227,229,229,229,228,227,Drive in,240,946,950,946,951,950,948,947,950,961,926,897,948,943,948,946,954,941,946,951,954,953,955,950,948
13,6906,230,228,227,229,228,229,229,228,Drive in,225,947,952,947,952,951,950,948,947,963,925,900,940,942,943,946,951,941,948,954,955,950,955,952,947
13,6907,229,229,227,228,228,229,229,228,Drive in,231,945,950,951,947,948,953,952,943,967,927,893,941,949,946,946,955,943,945,949,954,956,949,951,952
13,6908,229,229,227,228,229,229,227,229,Drive in,230,948,945,952,949,949,951,945,949,962,923,895,942,944,948,950,952,945,950,949,953,957,951,954,951
13,6909,228,230,229,230,229,229,228,229,Drive in,234,947,949,946,953,948,951,946,949,963,921,895,947,949,941,953,952,945,946,949,953,949,951,953,948
13,6910,229,231,227,229,230,229,229,230,Drive in,237,949,953,950,954,950,955,948,951,961,921,901,941,946,948,952,950,949,952,949,948,951,952,951,947
13,6911,228,229,228,228,228,230,228,229,Drive in,235,947,952,947,953,956,952,948,945,963,920,893,941,949,943,953,950,949,949,953,953,958,950,949,946
13,6912,230,229,229,230,229,229,229,228,Drive in,233,943,950,947,951,956,954,947,948,962,921,894,947,944,946,952,954,942,953,950,952,958,953,949,947
13,6913,230,231,228,230,228,229,230,228,Drive in,236,947,949,946,949,950,948,954,950,966,920,897,942,943,941,952,950,946,949,953,950,957,953,954,952
13,6914,228,230,229,228,230,228,230,230,Drive in,233,943,947,948,949,956,948,947,947,963,927,900,947,944,943,953,954,945,950,956,955,954,950,952,944
13,6915,230,229,230,229,228,230,229,230,Drive in,235,949,947,950,948,950,953,950,946,963,922,901,945,950,942,946,956,945,947,952,956,954,951,955,952
13,6916,230,230,230,229,228,229,228,229,Drive in,232,947,949,954,955,951,949,948,949,969,922,896,945,949,948,954,953,943,947,953,955,950,956,952,944
13,6917,230,229,229,229,229,230,228,231,Drive in,236,943,951,951,952,949,953,952,949,968,926,899,942,943,942,953,957,947,947,954,955,954,958,953,950
13,6918,229,230,229,231,229,229,228,230,Drive in,239,949,946,947,948,952,955,950,948,965,925,900,942,951,942,947,952,946,951,955,952,950,953,954,950
13,6919,229,230,228,230,229,228,228,230,Drive in,230,946,951,947,950,956,951,950,945,962,926,896,948,951,944,953,956,949,946,955,949,953,956,950,945
13,6920,230,232,228,229,230,229,228,231,Drive in,228,951,951,947,956,957,948,950,945,964,929,899,950,944,948,947,949,946,949,950,955,953,950,954,947
13,6921,229,232,228,231,230,231,230,230,Drive in,235,949,946,950,953,950,953,952,953,970,927,896,948,948,947,950,952,949,950,954,953,958,951,948,948
13,6922,229,232,229,231,229,229,230,230,Drive in,237,951,946,949,948,955,956,951,947,964,928,898,943,945,945,950,957,947,949,951,950,959,953,952,952
13,6923,231,232,229,229,229,231,229,230,Drive in,230,947,949,947,949,952,951,955,950,964,921,895,942,949,949,954,955,950,951,958,956,959,953,956,953
13,6924,229,232,229,230,230,231,230,231,Drive in,242,950,950,953,954,950,954,947,945,965,921,900,945,947,950,950,951,947,948,955,953,956,951,949,950
13,6925,229,232,230,230,231,229,230,230,Drive in,232,948,953,947,954,955,949,947,949,967,927,901,949,951,947,955,951,946,948,958,954,954,958,954,948
13,6926,232,232,231,231,230,229,229,229,Drive in,239,950,951,950,948,949,953,953,953,962,928,896,946,948,944,951,951,950,951,958,955,954,952,951,951
13,6927,230,230,231,231,232,231,231,230,Drive in,228,944,947,952,956,957,953,953,948,969,925,896,947,944,946,949,954,951,947,952,956,958,959,952,950
13,6928,230,230,231,230,232,230,229,230,Drive in,233,950,951,949,949,952,952,950,949,969,929,902,943,945,948,952,957,943,951,950,954,951,958,955,953
13,6929,230,232,229,230,232,229,231,232,Drive in,235,951,955,948,955,955,956,953,953,963,930,902,948,951,944,950,956,944,955,958,954,953,951,949,949
13,6930,230,231,230,232,230,231,229,230,Drive in,234,951,948,953,955,951,952,951,953,964,922,903,951,944,949,951,953,948,950,955,957,952,952,949,952
13,6931,231,231,230,232,231,232,231,231,Drive in,235,945,947,949,949,957,950,950,948,966,922,899,944,947,949,953,952,947,950,958,959,958,958,955,952
13,6932,231,232,232,231,230,232,231,231,Drive in,238,944,953,952,952,952,957,953,954,967,927,901,949,952,943,951,956,949,953,955,951,954,958,954,953
13,6933,232,231,230,230,231,231,232,232,Drive in,239,945,948,953,950,956,952,952,952,964,925,904,949,952,946,953,958,949,949,957,956,954,951,956,946
13,6934,231,232,231,231,232,232,230,231,Drive in,235,951,951,952,949,952,957,956,952,966,928,904,946,948,944,956,958,950,948,957,959,958,955,951,954
13,6935,231,231,231,230,231,231,230,232,Drive in,239,948,948,951,952,958,950,953,948,968,930,898,944,952,948,953,958,946,952,957,956,956,957,950,952
13,6936,231,233,231,231,231,232,231,230,Drive in,234,950,948,953,956,956,952,951,951,967,928,901,951,947,947,955,954,948,954,956,952,960,960,953,950
13,6937,231,233,230,231,233,231,232,233,Drive in,237,948,948,950,950,955,954,951,950,969,931,897,948,950,951,953,958,948,951,958,954,958,954,953,951
13,6938,232,232,232,231,232,232,231,233,Drive in,242,946,955,948,951,957,953,951,953,969,925,902,943,950,952,956,957,949,948,953,954,960,959,952,951
13,6939,232,233,230,232,232,230,230,232,Drive in,239,951,948,957,953,953,951,957,948,971,930,897,946,949,945,953,958,946,952,951,959,955,953,958,948
13,6940,231,232,232,232,231,233,231,233,Drive in,245,947,951,955,950,958,953,954,954,969,927,901,950,951,945,948,954,953,954,951,956,958,956,950,947
13,6941,231,232,232,231,231,231,233,232,Drive in,244,948,952,949,953,952,952,954,947,971,931,898,947,952,944,953,952,951,950,953,952,958,954,955,952
13,6942,233,233,233,233,231,233,232,231,Drive in,237,946,948,954,953,959,955,950,953,969,930,904,951,945,950,956,958,949,956,951,952,959,958,955,954
13,6943,233,234,231,231,232,232,232,233,Drive in,235,946,955,952,954,954,952,952,952,972,928,905,952,951,952,950,958,951,956,952,957,959,953,953,950
13,6944,233,234,233,231,232,232,232,233,Drive in,243,947,954,956,957,959,951,949,948,967,925,899,948,949,952,950,953,951,952,958,958,957,956,955,948
13,6945,233,233,231,233,232,232,233,232,Drive in,236,949,948,952,956,957,955,951,955,967,923,901,948,950,951,956,952,951,949,953,960,960,959,957,955
13,6946,233,233,233,232,231,231,233,231,Drive in,244,953,954,949,952,956,954,957,953,964,929,901,944,953,947,951,960,952,953,957,953,956,956,958,947
13,6947,232,233,231,233,234,231,231,233,Drive in,243,947,948,954,950,959,958,952,951,964,926,901,952,946,945,953,952,946,949,959,957,958,957,956,948
13,6948,232,233,233,233,234,233,231,234,Drive in,232,947,952,950,956,955,957,949,947,969,925,900,945,954,949,954,958,949,954,955,955,955,957,955,952
13,6949,234,234,231,233,232,231,233,232,Drive in,240,948,950,953,951,955,956,950,948,971,928,898,946,952,948,955,958,950,956,953,952,954,958,957,955
13,6950,232,234,232,234,233,234,232,234,Drive in,240,952,956,957,959,959,958,955,955,965,929,903,951,950,953,954,955,947,955,960,960,956,961,956,954
13,6951,234,235,233,234,234,232,232,234,Drive in,246,953,953,957,956,952,951,956,951,967,932,897,952,946,950,955,956,953,952,956,956,962,958,952,954
13,6952,232,234,232,232,234,234,233,233,Drive in,247,947,955,957,956,955,955,950,956,973,928,898,950,946,952,957,957,949,957,956,958,956,956,954,948
13,6953,234,235,232,233,232,232,233,234,Drive in,247,951,950,953,958,960,959,954,948,968,932,899,946,951,945,952,956,948,950,961,956,958,957,951,951
13,6954,234,234,232,233,233,232,233,234,Drive in,246,954,949,954,955,958,956,955,949,972,932,898,948,951,953,957,959,948,958,956,955,962,954,953,954
13,6955,234,233,232,233,232,234,232,233,Drive in,247,951,956,954,951,960,954,958,952,973,925,898,946,949,952,952,953,946,957,960,958,957,955,951,954
13,6956,234,233,232,232,234,234,233,234,Drive in,239,948,949,957,956,955,959,954,954,971,925,904,949,953,946,952,961,953,951,959,956,954,959,955,951
13,6957,235,234,234,235,235,232,232,235,Drive in,247,946,954,952,951,960,955,950,953,966,925,905,946,951,952,953,957,947,957,955,953,956,959,953,957
13,6958,233,233,234,233,234,234,234,235,Drive in,248,946,954,957,953,953,954,956,951,967,928,905,947,952,952,952,954,951,953,957,955,954,955,957,957
13,6959,233,236,232,234,235,232,234,234,Drive in,251,947,953,952,955,959,955,954,952,967,926,900,950,950,949,950,957,949,951,957,960,956,961,954,955
13,6960,234,234,232,235,233,235,233,233,Drive in,239,953,957,959,956,953,956,954,955,968,929,906,952,953,953,951,960,949,957,961,961,961,960,952,951
13,6961,235,235,234,233,235,233,235,234,Drive in,239,952,953,955,959,956,959,954,950,966,925,901,947,953,950,958,959,950,951,961,959,955,956,952,953
13,6962,235,235,233,233,234,234,235,233,Drive in,242,949,955,957,959,955,952,952,956,974,930,905,951,948,947,953,960,953,950,961,956,963,960,958,954
13,6963,235,235,235,234,234,235,234,233,Drive in,244,951,950,951,955,955,953,956,955,971,933,901,952,947,948,952,960,948,956,957,957,963,962,959,950
13,6964,235,235,233,233,235,235,235,235,Drive in,236,948,950,953,960,959,954,958,953,969,931,906,949,955,948,951,959,947,958,956,956,958,961,958,956
13,6965,233,234,235,233,235,234,233,234,Drive in,250,951,955,955,959,953,958,956,956,966,930,899,949,950,952,957,956,950,958,962,956,961,958,958,957
13,6966,234,236,235,234,234,234,234,234,Drive in,249,954,950,959,956,955,954,951,955,971,930,905,953,956,954,951,958,951,952,958,955,957,958,952,956
13,6967,234,234,233,236,234,235,233,234,Drive in,236,953,953,954,953,956,952,951,953,968,933,907,946,948,947,955,961,950,952,956,962,957,959,959,952
13,6968,235,235,235,235,235,235,233,236,Drive in,250,951,950,954,958,954,953,959,957,967,931,903,949,948,952,957,954,953,955,955,962,962,959,953,950
13,6969,236,235,234,236,235,234,235,236,Drive in,252,953,951,960,961,958,960,955,950,970,926,901,949,952,955,956,954,947,953,960,957,959,962,961,955
13,6970,234,235,233,235,234,234,235,236,Drive in,252,955,954,953,953,954,959,952,957,970,927,905,947,950,947,959,959,954,954,961,957,960,959,958,953
13,6971,235,236,234,234,235,236,234,234,Drive in,240,956,957,957,960,956,960,952,950,967,933,899,955,955,953,959,955,953,955,960,956,964,959,958,952
13,6972,236,236,236,236,234,236,236,236,Drive in,243,954,956,960,958,956,957,958,958,975,931,905,954,950,953,953,955,951,951,958,959,958,960,956,958
13,6973,234,237,235,236,235,235,235,235,Drive in,252,956,952,954,959,957,958,952,951,967,931,906,952,952,949,954,962,950,955,961,957,963,960,957,958
13,6974,234,236,234,235,234,235,234,236,Drive in,243,949,951,958,960,956,957,958,951,975,928,900,948,955,951,955,963,950,952,957,961,957,960,959,957
13,6975,234,235,234,236,236,234,235,235,Drive in,242,955,955,957,956,960,955,957,954,974,928,908,954,955,951,957,955,949,959,955,962,964,964,954,954
13,6976,236,236,235,235,234,234,235,236,Drive in,241,950,952,959,958,954,957,953,951,968,934,907,952,954,951,952,962,956,954,962,956,963,964,961,957
13,6977,237,235,234,237,237,235,236,235,Drive in,242,954,955,952,953,955,954,959,955,974,929,906,955,950,950,952,958,953,952,960,957,960,961,955,954
13,6978,236,235,236,237,237,235,236,236,Drive in,252,956,956,958,960,961,960,960,951,974,929,908,950,955,954,954,958,955,955,962,955,962,957,955,958
13,6979,237,236,235,235,236,234,236,236,Drive in,255,955,954,959,956,957,958,956,951,968,930,902,955,949,948,960,956,954,959,959,958,956,958,955,957
13,6980,236,236,236,237,237,236,235,237,Drive in,250,956,958,954,962,960,961,956,957,976,930,906,949,951,952,956,962,955,956,956,962,958,962,957,955
13,6981,236,236,234,237,235,236,235,237,Drive in,240,953,952,956,954,957,961,955,953,975,934,905,949,951,952,953,964,950,954,957,959,962,960,954,952
13,6982,236,237,237,237,235,237,237,236,Drive in,249,953,959,961,958,961,955,956,953,976,928,905,949,950,956,955,964,957,958,962,961,962,961,955,951
13,6983,237,238,235,236,235,235,236,236,Drive in,253,955,957,960,957,955,954,955,952,974,932,909,952,955,949,954,958,951,953,959,958,959,961,956,957
13,6984,236,236,235,235,235,235,237,236,Drive in,248,949,954,959,959,958,959,957,952,971,934,903,950,955,949,956,959,956,953,961,963,960,960,954,951
13,6985,237,237,235,237,236,236,235,237,Drive in,241,949,955,959,958,961,958,958,955,970,930,909,955,958,955,960,963,950,960,956,961,961,960,960,959
13,6986,236,238,235,237,237,237,235,237,Drive in,247,952,960,955,962,963,954,958,952,976,934,905,956,950,948,956,959,950,954,963,956,959,960,956,958
13,6987,237,238,237,238,237,235,236,236,Drive in,252,956,955,953,956,963,954,953,959,974,931,903,955,955,954,954,959,951,955,963,956,962,963,959,953
13,6988,236,236,236,238,236,235,235,236,Drive in,240,956,956,957,959,960,959,957,956,969,930,904,950,956,954,957,960,953,958,960,964,958,957,955,954
13,6989,238,239,237,237,237,237,237,237,Drive in,245,954,959,955,957,963,960,961,955,971,935,908,951,956,957,953,962,954,957,962,959,957,965,961,954
13,6990,238,238,236,238,237,236,235,238,Drive in,243,958,955,961,957,959,956,954,959,975,936,909,949,951,957,956,956,954,961,961,963,961,965,962,952
13,6991,238,237,237,237,238,238,237,237,Drive in,244,958,955,960,961,957,957,954,954,969,935,904,952,950,955,961,959,950,958,957,961,962,965,957,960
13,6992,237,239,237,238,236,236,238,237,Drive in,251,954,956,956,961,964,961,959,953,970,935,907,949,958,952,956,964,956,953,961,963,966,958,957,954
13,6993,238,238,236,237,237,238,237,236,Drive in,249,958,955,956,961,964,958,954,959,972,932,910,955,952,957,955,964,954,955,960,964,961,960,956,958
13,6994,237,239,238,237,238,236,238,236,Drive in,246,950,958,958,958,957,963,956,953,975,936,905,953,957,955,957,957,954,954,959,958,962,959,963,956
13,6995,238,238,236,236,238,237,237,236,Drive in,258,953,957,955,963,962,963,956,955,972,933,907,957,951,957,954,964,950,957,962,958,964,964,962,954
13,6996,238,238,236,236,237,237,236,238,Drive in,248,958,959,956,960,962,955,960,952,976,933,906,953,959,951,956,963,953,962,962,964,962,959,961,953
13,6997,239,237,236,237,238,236,238,237,Drive in,255,957,961,960,960,960,955,955,956,976,931,908,951,955,956,962,960,951,954,960,962,966,964,961,954
13,6998,237,237,238,239,238,237,236,237,Drive in,243,951,955,958,963,960,961,955,953,978,935,902,954,958,951,959,963,958,962,964,963,962,964,959,955
13,6999,239,240,236,239,238,238,236,238,Drive in,249,951,955,961,962,958,957,957,960,978,932,908,957,954,953,959,959,952,962,958,963,958,965,956,956
13,7000,237,239,238,237,238,237,237,239,Drive in,253,959,956,962,959,960,961,955,954,972,930,909,953,952,957,954,958,951,954,960,961,965,959,959,953
13,7001,239,239,237,237,239,237,237,238,Drive in,256,957,954,962,956,963,958,958,954,970,933,907,955,952,950,956,958,953,961,960,965,965,960,957,961
13,7002,237,240,237,238,239,239,237,239,Drive in,257,951,960,959,963,964,958,963,953,971,931,902,952,956,950,957,960,951,959,961,960,964,958,960,956
13,7003,237,240,239,238,238,239,238,237,Drive in,252,954,959,958,963,965,964,961,956,974,936,907,952,951,953,955,961,952,962,959,963,965,962,958,960
13,7004,237,240,239,239,238,238,239,237,Drive in,260,957,962,958,960,962,958,963,959,974,933,905,958,956,951,958,964,956,959,962,960,967,965,957,956
13,7005,239,239,237,237,237,237,238,238,Drive in,246,956,956,956,964,963,958,956,958,970,930,904,957,957,953,961,963,953,956,966,963,967,965,959,957
13,7006,239,239,237,239,239,237,239,239,Drive in,257,951,955,962,960,965,959,955,954,975,935,906,953,959,951,956,958,952,961,961,962,963,964,964,957
13,7007,240,238,237,240,240,238,237,240,Drive in,251,958,957,955,961,957,961,959,959,972,931,905,955,960,953,961,958,957,955,962,960,966,961,962,960
13,7008,239,239,238,240,238,239,239,238,Drive in,251,952,961,958,956,961,960,956,954,978,937,904,955,953,955,956,961,952,956,961,964,961,961,959,960
13,7009,240,241,238,238,239,237,237,238,Drive in,248,958,956,963,964,961,963,963,959,976,937,904,951,953,953,956,960,951,961,964,961,967,959,962,960
13,7010,238,239,237,239,239,240,237,239,Drive in,254,953,961,963,958,964,961,962,957,977,930,906,954,953,957,956,959,955,961,961,962,963,964,961,961
13,7011,240,240,239,240,238,238,240,240,Drive in,261,953,956,959,965,960,960,956,956,977,930,907,955,959,955,955,961,954,955,959,959,967,965,957,961
13,7012,240,239,240,240,239,239,238,240,Drive in,259,957,959,958,962,958,960,957,955,972,937,908,951,960,959,957,964,959,961,960,960,962,966,960,960
13,7013,239,239,240,240,240,239,238,238,Drive in,260,956,955,958,965,963,965,961,954,974,933,907,959,960,955,957,967,952,956,964,959,964,966,961,959
13,7014,240,241,239,238,240,238,238,240,Drive in,253,952,960,960,958,964,963,963,957,976,936,909,959,959,958,960,962,952,964,964,965,962,964,965,961
13,7015,238,239,238,238,238,240,239,240,Drive in,249,960,958,962,960,966,960,957,957,973,935,907,951,961,951,960,963,956,963,963,959,964,961,959,958
13,7016,241,240,239,238,239,240,240,238,Drive in,254,959,962,963,960,963,965,960,958,972,934,910,959,954,952,963,960,953,957,966,962,967,963,963,955
13,7017,241,240,238,240,239,238,240,240,Drive in,249,952,963,962,959,964,962,958,954,971,932,910,955,959,956,956,962,953,960,962,963,960,968,958,957
13,7018,241,240,238,239,241,240,240,241,Drive in,247,957,958,957,957,959,963,963,960,973,936,904,952,959,955,964,963,959,960,967,963,968,961,965,957
13,7019,239,240,240,240,241,238,240,239,Drive in,255,955,961,963,964,962,966,959,962,973,932,912,952,954,957,958,964,957,962,965,966,961,968,965,960
13,7020,239,241,240,239,239,241,238,241,Drive in,248,958,959,961,965,965,963,957,960,976,935,905,958,956,958,958,965,955,959,963,967,968,965,962,960
13,7021,240,240,239,241,240,240,240,239,Drive in,248,953,964,964,965,967,964,961,962,980,938,907,952,958,956,958,968,957,964,967,967,965,961,964,962
13,7022,241,240,241,241,240,241,240,241,Drive in,261,958,959,961,962,966,961,962,962,976,939,909,960,955,959,957,968,953,963,959,965,966,960,958,962
13,7023,239,241,239,239,239,240,241,240,Drive in,247,961,959,961,961,965,964,959,957,980,937,912,960,954,953,965,963,953,960,963,962,965,965,965,956
13,7024,241,242,241,241,239,241,241,239,Drive in,251,955,963,959,958,959,960,963,956,977,937,908,959,959,958,962,965,957,961,961,962,965,966,965,957
13,7025,239,240,241,240,239,240,240,241,Drive in,263,954,964,960,959,963,962,958,958,979,939,907,954,957,954,963,965,958,965,964,964,968,969,960,958
13,7026,241,241,239,239,239,239,240,240,Drive in,256,955,958,963,960,961,959,962,961,973,933,907,952,961,956,961,962,957,960,965,962,961,964,958,956
13,7027,241,240,239,241,240,241,241,242,Drive in,249,957,961,964,963,964,962,963,956,975,938,905,954,962,961,964,961,955,957,966,965,966,964,964,960
13,7028,242,242,241,240,242,240,239,242,Drive in,259,959,958,960,960,963,960,961,960,974,937,912,954,960,954,963,960,954,960,964,967,968,967,965,963
13,7029,241,241,240,242,240,241,239,241,Drive in,255,959,962,959,960,965,965,963,959,976,932,912,952,958,960,959,966,958,960,967,964,968,964,959,963
13,7030,240,241,240,240,242,240,239,241,Drive in,265,961,961,964,965,964,960,959,962,975,936,909,956,957,954,962,965,957,965,966,965,965,968,960,964
13,7031,241,243,241,241,241,242,241,241,Drive in,249,962,965,960,964,961,965,965,962,980,933,911,956,961,953,958,961,955,957,961,966,964,967,967,962
13,7032,240,242,242,242,242,241,242,242,Drive in,258,957,965,966,961,961,962,958,963,978,937,912,958,957,956,960,963,955,959,961,967,964,961,963,963
13,7033,241,241,241,241,241,240,242,242,Drive in,253,961,960,963,960,966,959,964,957,978,938,912,959,961,955,958,964,960,962,963,962,962,968,960,958
13,7034,240,241,242,240,241,241,242,241,Drive in,253,956,961,959,959,961,962,962,958,976,937,912,959,954,957,966,964,961,965,963,969,965,968,960,958
13,7035,242,243,240,241,242,241,241,241,Drive in,265,955,964,960,961,967,959,963,959,974,938,911,953,959,955,959,964,958,962,963,962,963,969,960,957
13,7036,242,242,241,240,241,240,240,242,Drive in,265,960,965,962,966,960,964,965,956,978,940,912,953,960,956,959,966,958,958,963,964,963,964,965,959
13,7037,241,241,240,242,243,240,240,242,Drive in,259,954,963,965,967,962,965,960,964,975,939,906,957,957,956,966,965,956,961,967,962,969,968,968,957
13,7038,243,243,241,241,242,240,240,243,Drive in,260,958,959,958,962,962,960,961,956,974,941,914,959,960,956,961,963,960,958,964,968,968,963,965,960
13,7039,241,242,242,241,242,241,241,241,Drive in,254,963,961,964,960,964,961,963,963,978,938,914,960,955,960,966,969,956,960,968,965,962,968,962,964
13,7040,243,244,242,243,241,241,241,241,Drive in,253,957,963,964,961,968,968,959,961,977,937,909,955,963,961,962,965,960,962,969,965,967,967,966,957
13,7041,243,243,240,243,241,243,242,242,Drive in,263,960,966,959,966,967,961,967,962,981,936,912,956,959,954,965,966,959,960,965,964,968,970,966,961
13,7042,243,244,242,242,241,243,241,243,Drive in,260,962,960,962,960,964,963,966,958,981,938,914,955,958,961,963,970,961,960,966,969,963,962,968,962
13,7043,241,242,242,243,241,241,241,243,Drive in,266,957,958,963,964,965,963,961,959,978,936,913,957,962,961,961,965,958,967,965,964,964,968,968,963
13,7044,243,242,242,241,242,243,241,242,Drive in,252,959,958,967,962,963,968,963,957,975,935,912,957,959,962,961,962,957,965,967,965,970,968,963,965
13,7045,243,244,243,243,242,242,241,242,Drive in,255,956,960,963,966,966,966,965,964,978,939,915,955,959,958,960,964,960,963,968,966,969,963,961,960
13,7046,242,243,241,241,243,241,243,242,Drive in,267,959,966,965,965,963,962,964,957,977,935,912,954,959,958,967,964,962,967,969,964,966,964,962,963
13,7047,244,244,241,242,244,241,241,244,Drive in,258,958,965,959,960,963,966,964,960,982,937,911,961,959,963,960,966,963,967,962,967,964,963,964,959
13,7048,244,244,241,242,244,241,243,242,Drive in,261,962,960,965,968,968,963,963,963,975,938,914,954,963,962,963,966,961,965,966,965,966,967,964,965
13,7049,242,244,242,243,242,241,242,244,Drive in,253,961,965,968,968,967,963,966,964,980,940,907,954,958,961,963,970,958,959,963,967,963,967,963,965
13,7050,243,243,241,243,243,243,243,242,Drive in,265,957,961,961,968,964,963,962,964,978,939,910,956,957,958,960,962,957,959,964,966,967,968,967,964
13,7051,242,243,241,242,244,243,242,243,Drive in,254,963,962,960,962,968,967,963,963,976,934,911,962,964,955,962,969,958,960,964,971,964,971,962,965
13,7052,243,245,243,243,243,243,242,244,Drive in,263,956,967,968,961,968,968,967,959,981,942,914,957,960,955,965,968,963,959,962,966,969,971,967,964
13,7053,242,244,244,244,242,244,244,243,Drive in,253,962,961,960,964,970,963,965,966,981,942,915,960,956,959,968,971,963,965,969,963,964,965,967,958
13,7054,243,244,242,244,244,242,243,242,Drive in,270,962,964,963,966,967,968,960,965,982,939,914,962,961,963,962,963,963,965,963,969,971,972,962,964
13,7055,243,244,244,243,243,242,243,242,Drive in,257,958,962,963,961,963,967,962,960,978,935,912,957,959,955,962,963,963,968,967,965,970,969,967,966
13,7056,243,245,242,244,243,242,242,244,Drive in,267,959,961,960,968,962,969,964,964,979,941,912,961,965,956,961,967,956,967,963,963,969,964,963,959
13,7057,243,244,243,243,244,244,243,244,Drive in,261,964,961,966,966,968,961,961,960,976,936,911,961,963,957,968,970,964,967,969,966,964,967,963,960
13,7058,245,245,242,245,244,244,244,243,Drive in,267,957,962,960,962,967,967,961,961,979,938,908,958,962,960,967,963,963,966,964,967,964,965,965,966
13,7059,244,246,243,243,245,243,243,244,Drive in,269,958,964,963,966,964,967,969,962,977,938,914,962,963,960,961,963,963,966,967,966,971,966,967,959
13,7060,244,246,242,243,245,243,242,244,Drive in,270,960,960,968,965,963,962,963,967,984,943,915,964,959,959,963,964,965,966,966,965,965,965,969,959
13,7061,243,246,244,245,244,245,245,243,Drive in,265,962,964,963,962,966,968,961,967,984,939,914,962,965,957,963,965,958,965,971,968,969,964,970,962
13,7062,245,244,245,243,244,243,245,245,Drive in,266,964,961,963,965,970,968,962,965,977,937,908,956,962,960,965,964,959,966,970,970,968,966,963,964
13,7063,243,244,244,243,243,243,244,244,Drive in,262,957,967,968,963,968,962,966,963,983,938,912,958,962,960,966,972,957,964,972,967,966,967,970,963
13,7064,245,244,244,244,245,243,244,243,Drive in,262,963,968,961,965,971,965,968,965,977,936,916,960,965,959,966,967,960,961,971,971,971,971,965,964
13,7065,244,246,244,243,245,244,244,244,Drive in,263,963,962,968,967,965,970,963,961,981,939,914,956,964,964,969,968,960,969,972,966,966,967,967,964
13,7066,246,245,243,243,243,243,244,243,Drive in,270,961,967,967,965,971,966,962,962,978,940,909,964,963,962,966,971,957,967,971,964,970,969,962,967
13,7067,246,246,245,246,244,245,245,246,Drive in,272,961,966,965,970,969,966,969,962,976,937,917,956,958,960,964,965,957,968,969,967,968,967,963,966
13,7068,245,245,245,246,244,244,245,246,Drive in,272,962,964,965,962,968,964,969,967,985,944,912,962,961,963,969,968,958,968,964,967,972,966,971,962
13,7069,245,246,243,244,246,244,244,244,Drive in,260,964,964,966,968,971,966,964,962,980,936,917,964,963,965,961,968,963,965,965,967,966,966,969,968
13,7070,244,247,243,244,245,245,243,244,Drive in,273,962,963,969,968,968,964,969,961,980,944,911,964,966,964,966,967,963,966,972,971,973,971,970,968
13,7071,244,245,245,246,246,246,244,246,Drive in,267,966,967,969,969,972,971,969,960,981,939,912,962,964,957,968,973,958,968,967,969,972,973,968,964
13,7072,245,245,244,244,246,245,245,246,Drive in,267,964,962,969,968,969,969,969,960,982,942,912,963,964,961,967,970,962,968,971,968,969,970,969,967
13,7073,244,245,244,244,245,245,246,245,Drive in,257,960,964,970,966,971,966,963,967,980,944,911,961,961,965,965,971,958,967,966,968,966,969,970,965
13,7074,245,245,244,244,246,245,245,245,Drive in,265,962,968,963,968,966,970,962,964,983,941,913,959,958,961,962,972,960,968,965,965,969,970,967,961
13,7075,245,247,245,244,244,245,246,245,Drive in,269,961,963,967,965,966,970,970,963,983,937,914,963,967,963,969,967,960,966,970,968,970,968,967,966
13,7076,247,247,246,244,245,246,246,244,Drive in,270,958,961,968,968,971,968,969,960,981,937,916,964,959,963,970,968,963,970,973,968,970,972,971,964
13,7077,246,247,245,246,246,245,244,247,Drive in,270,960,963,970,968,968,966,962,960,982,942,911,957,965,964,967,968,966,969,971,972,967,971,971,967
13,7078,246,246,246,246,247,246,245,246,Drive in,272,962,969,969,970,969,964,968,965,982,939,916,965,961,966,962,967,966,965,972,968,969,966,971,961
13,7079,245,247,246,247,247,246,246,246,Drive in,261,961,970,970,968,969,968,965,968,983,942,913,963,959,964,970,967,965,965,965,967,973,967,970,965
13,7080,247,246,244,246,245,247,246,246,Drive in,274,960,970,968,970,966,965,964,964,981,941,915,958,960,959,967,968,965,965,969,966,971,969,970,961
13,7081,247,246,246,247,246,245,246,245,Drive in,270,967,970,970,970,969,971,965,964,984,941,911,960,960,960,965,969,961,966,966,970,969,971,964,963
13,7082,245,248,245,247,246,246,247,246,Drive in,264,962,968,968,972,972,969,969,965,983,939,918,960,962,962,970,966,963,968,965,966,969,966,966,963
13,7083,245,246,246,245,247,246,247,245,Drive in,263,961,968,968,971,973,967,967,967,984,941,913,965,961,963,968,966,961,967,971,966,967,966,966,969
13,7084,247,247,245,245,247,245,246,246,Drive in,266,964,962,963,969,971,966,967,966,978,937,914,961,963,961,964,969,966,965,967,970,973,974,965,968
13,7085,245,248,247,245,245,247,246,247,Drive in,273,959,964,970,972,972,966,967,969,978,940,918,958,965,958,971,967,964,963,968,974,974,971,972,964
13,7086,246,246,247,245,245,247,247,247,Drive in,270,966,969,970,967,970,971,970,968,982,942,913,960,965,961,964,974,959,963,973,967,970,967,969,965
13,7087,246,246,245,248,248,247,247,246,Drive in,276,964,968,963,964,968,970,963,963,986,938,914,963,965,964,970,971,961,970,967,970,969,970,967,963
13,7088,246,248,245,247,247,246,247,248,Drive in,269,963,967,969,970,968,965,968,963,982,942,911,962,960,962,963,974,959,968,966,969,973,973,972,967
13,7089,248,248,246,248,248,245,246,247,Drive in,269,965,971,968,968,966,965,971,964,983,945,915,958,960,963,964,974,963,963,970,970,972,972,972,969
13,7090,246,248,247,247,248,247,246,246,Drive in,269,962,964,970,966,970,973,966,965,979,942,916,965,965,963,965,970,961,971,973,968,969,969,972,966
13,7091,248,247,245,246,246,246,247,248,Drive in,276,968,971,967,967,974,971,968,970,980,943,913,960,965,965,965,971,967,969,968,973,969,971,966,964
13,7092,246,248,248,248,247,247,246,248,Drive in,267,961,963,972,973,973,967,968,963,982,943,918,961,966,965,970,968,962,970,969,974,971,968,971,968
13,7093,246,248,248,247,248,247,247,247,Drive in,274,968,970,964,965,970,967,971,964,983,940,912,960,968,964,967,969,963,965,969,969,976,975,966,970
13,7094,247,248,246,246,247,246,248,246,Drive in,277,964,969,965,967,972,972,968,963,983,944,914,965,963,962,969,972,962,964,970,967,968,974,970,964
13,7095,246,249,247,247,246,248,247,248,Drive in,271,966,968,964,968,966,967,969,966,987,946,920,967,961,962,964,968,960,968,972,972,972,971,971,962
13,7096,247,249,247,246,247,248,247,248,Drive in,276,968,966,970,966,969,973,965,962,979,941,917,961,967,965,968,975,967,967,969,972,975,976,966,965
13,7097,248,249,247,249,249,246,247,249,Drive in,263,960,964,965,965,972,968,966,970,979,945,913,964,965,966,966,974,967,967,972,974,970,976,968,971
13,7098,248,247,248,248,247,246,246,247,Drive in,278,965,967,972,969,971,965,967,969,983,944,918,960,961,963,964,973,966,966,967,971,976,968,972,970
13,7099,248,248,246,249,247,248,246,249,Drive in,274,963,966,969,974,972,971,971,965,983,947,920,963,964,964,971,967,961,970,968,970,974,970,972,963
13,7100,247,250,248,248,247,249,247,249,Drive in,274,964,969,967,966,972,968,967,967,982,942,920,963,961,967,968,973,962,972,971,969,974,971,974,969
13,7101,249,249,248,249,248,249,249,247,Drive in,264,969,966,969,974,970,974,972,966,982,944,916,967,961,963,964,976,961,967,974,971,971,971,973,965
13,7102,249,250,249,247,249,248,247,249,Drive in,276,967,967,969,974,969,973,970,971,985,942,915,966,967,964,970,969,968,966,972,973,970,970,970,971
13,7103,249,250,249,249,248,247,247,247,Drive in,277,961,968,972,969,967,969,971,963,983,947,917,964,968,966,966,968,967,965,976,969,974,973,972,970
13,7104,249,248,249,249,249,249,249,247,Drive in,267,961,970,971,967,972,970,970,971,982,941,917,967,964,962,972,972,965,969,973,971,970,972,974,967
13,7105,248,250,249,247,247,247,248,249,Drive in,269,961,970,969,966,970,968,969,971,987,939,915,963,962,967,968,970,964,970,969,974,972,977,973,963
13,7106,250,248,247,248,248,248,249,248,Drive in,276,961,968,971,970,973,968,971,971,981,947,917,963,962,967,971,970,965,971,973,968,973,974,973,970
13,7107,250,250,247,248,249,249,248,249,Drive in,275,967,966,970,974,968,973,968,965,986,940,915,962,965,963,970,976,967,973,973,968,970,972,975,970
13,7108,249,248,248,250,249,247,248,248,Drive in,268,966,967,967,972,970,972,968,970,981,944,915,963,965,968,968,970,965,966,974,976,971,969,974,970
13,7109,248,250,247,249,250,248,249,250,Drive in,270,965,968,973,968,968,969,971,970,989,943,918,961,968,967,966,971,969,970,976,968,969,970,968,966
13,7110,248,251,248,249,249,249,247,250,Drive in,277,965,967,969,967,972,971,969,968,987,946,917,968,968,967,967,971,968,971,970,968,973,975,969,972
13,7111,248,249,249,250,248,249,248,250,Drive in,272,970,972,970,968,975,975,966,967,983,940,918,969,967,965,967,975,967,965,972,970,974,971,968,966
13,7112,248,251,250,248,250,250,248,248,Drive in,274,968,970,969,975,974,967,972,966,984,946,914,963,962,967,972,973,963,973,975,970,976,977,967,970
13,7113,248,249,250,250,248,249,250,249,Drive in,275,963,967,973,975,970,974,974,970,986,944,918,964,970,966,969,972,966,966,976,969,976,971,971,967
13,7114,250,249,249,250,249,249,250,250,Drive in,272,963,968,969,971,974,975,969,972,987,948,915,966,967,965,973,973,966,970,972,970,977,976,970,970
13,7115,248,250,249,249,248,248,250,250,Drive in,270,969,972,968,974,976,972,970,966,984,941,914,961,966,963,972,972,969,968,976,974,971,975,972,969
13,7116,251,250,248,250,249,248,248,248,Drive in,277,967,967,972,967,973,972,972,968,987,948,922,969,964,963,966,969,967,971,973,976,972,972,969,968
13,7117,251,249,248,249,251,248,250,251,Drive in,281,963,973,970,972,976,968,972,970,983,941,921,964,967,962,966,972,967,971,969,976,978,978,973,969
13,7118,249,250,249,249,251,250,249,250,Drive in,268,969,968,974,973,976,969,971,968,990,946,920,964,969,969,974,973,964,967,973,972,975,976,973,968
13,7119,249,251,248,251,249,248,250,249,Drive in,275,965,970,971,972,970,969,970,973,986,943,922,968,971,962,967,976,966,970,977,975,974,974,976,972
13,7120,251,250,250,249,251,249,249,249,Drive in,280,971,972,973,973,976,972,971,971,984,947,919,966,965,962,968,971,969,968,971,970,973,973,973,973
13,7121,251,251,250,249,251,250,249,249,Drive in,275,963,974,972,972,972,971,967,971,986,949,915,966,970,966,973,975,963,969,977,970,979,972,969,965
13,7122,251,250,251,251,250,249,251,249,Drive in,278,965,968,969,976,976,968,970,969,988,949,919,968,970,970,966,971,965,973,970,978,979,976,971,973
13,7123,249,251,249,249,251,249,250,249,Drive in,283,966,967,968,969,972,968,974,970,985,949,915,970,967,967,968,978,966,973,971,973,974,975,968,972
13,7124,249,251,251,250,250,251,251,251,Drive in,271,964,972,974,976,977,974,971,965,984,946,917,962,968,964,968,973,971,972,977,976,976,978,973,972
13,7125,250,252,250,249,250,251,250,249,Drive in,283,963,966,968,974,973,971,971,971,982,946,918,970,965,970,974,974,965,970,970,976,979,976,974,971
13,7126,251,251,251,251,251,250,251,250,Drive in,284,970,971,973,976,969,971,972,973,988,942,922,965,965,970,969,972,967,968,976,971,976,973,970,971
13,7127,250,252,251,251,252,249,249,250,Drive in,282,970,972,967,976,969,969,970,973,987,949,916,967,966,966,967,974,967,974,976,976,977,973,971,966
13,7128,251,250,250,251,250,251,251,252,Drive in,281,965,969,967,976,973,973,972,972,988,947,917,969,964,968,971,974,968,973,975,973,976,974,975,966
13,7129,250,252,251,252,252,250,250,251,Drive in,272,966,967,973,974,972,969,968,967,988,949,919,962,972,971,969,970,966,967,975,974,978,973,975,974
13,7130,252,253,250,250,250,251,250,251,Drive in,284,966,969,968,969,971,974,970,971,990,943,919,963,971,969,974,972,966,968,978,970,974,972,972,972
13,7131,250,251,250,252,250,252,252,251,Drive in,271,969,972,974,971,976,977,975,966,991,945,919,968,968,971,974,975,964,974,973,973,972,973,975,970
13,7132,252,251,251,250,252,250,252,251,Drive in,285,964,973,969,976,971,975,974,967,988,943,920,967,965,966,973,974,967,974,975,973,978,976,969,972
13,7133,252,253,251,251,250,252,250,251,Drive in,281,968,972,973,972,972,969,970,967,991,947,921,968,964,967,975,973,970,971,971,973,974,978,975,969
13,7134,252,251,251,251,251,250,250,250,Drive in,281,966,969,974,976,975,973,970,972,987,950,916,967,969,971,972,977,967,976,972,975,975,973,973,967
13,7135,251,253,251,251,250,252,252,251,Drive in,283,970,968,973,970,974,969,975,969,985,949,918,963,971,967,971,978,964,973,976,977,977,977,977,970
13,7136,253,252,250,252,252,251,252,250,Drive in,273,972,970,973,976,977,973,969,972,991,948,917,964,967,963,975,976,972,975,973,976,978,975,976,970
13,7137,253,251,252,251,251,251,251,251,Drive in,273,964,968,975,976,978,976,970,973,991,949,917,970,967,967,975,972,964,976,973,974,976,977,972,970
13,7138,251,251,252,253,252,250,251,251,Drive in,283,964,975,972,973,974,973,973,968,989,944,919,964,967,971,975,979,970,971,976,971,980,978,978,972
